id,Name,Date (UTC),Description,Url,Tax Code
prod_TLP40cboYBXpTx,Agreement Generation,2025-11-01 17:06,,,
prod_TLP3ZcWqq9XQUi,Enterprise (50+):,2025-11-01 17:06,,,
prod_TLP3YKANdaEFD9,Large (40-49),2025-11-01 17:06,,,
prod_TLP3ExeaA2BpRM,Medium (20-39),2025-11-01 17:05,,,
prod_TLP3untTXzaM3Y,Small (Under 20),2025-11-01 17:05,,,
prod_TLP33yK1WFjH7K,100 credits,2025-11-01 17:05,,,
prod_TLP3NSMv5zAWYw,50 credits,2025-11-01 17:05,,,
prod_TLP2b8UQp9ERiq,25 Credits,2025-11-01 17:05,,,
prod_TLP2nla0nf5PwC,10 Credits,2025-11-01 17:04,,,
